<?xml version="1.0" encoding="UTF-8"?>
<project-private xmlns="http://www.netbeans.org/ns/project-private/1">
    <editor-bookmarks xmlns="http://www.netbeans.org/ns/editor-bookmarks/2" lastBookmarkId="0"/>
    <open-files xmlns="http://www.netbeans.org/ns/projectui-open-files/2">
        <group>
            <file>file:/D:/USherbrooke/S4-Electrique%20-%20APP4%20-%20Communications%20FPGA-uC/2022%20-%2001%20-%20HIVER/Labo/Labo_RGB.X/_main.c</file>
            <file>file:/D:/USherbrooke/S4-Electrique%20-%20APP4%20-%20Communications%20FPGA-uC/2022%20-%2001%20-%20HIVER/Labo/Labo_RGB.X/rgbled.c</file>
        </group>
    </open-files>
</project-private>
