<?xml version="1.0" encoding="UTF-8"?>
<configurationDescriptor version="65">
  <logicalFolder name="root" displayName="root" projectFiles="true">
    <logicalFolder name="HeaderFiles"
                   displayName="Header Files"
                   projectFiles="true">
      <logicalFolder name="f1" displayName="app" projectFiles="true">
        <logicalFolder name="f2" displayName="Peripherals" projectFiles="true">
          <itemPath>../src/led.h</itemPath>
          <itemPath>../src/ssd.h</itemPath>
          <itemPath>../src/accel.h</itemPath>
          <itemPath>../src/i2c.h</itemPath>
          <itemPath>../src/lcd.h</itemPath>
        </logicalFolder>
        <logicalFolder name="f1" displayName="system_config" projectFiles="true">
          <logicalFolder name="f1" displayName="default" projectFiles="true">
            <logicalFolder name="f1" displayName="framework" projectFiles="true">
              <logicalFolder name="f1" displayName="driver" projectFiles="true">
                <logicalFolder name="f2" displayName="encx24j600" projectFiles="true">
                  <logicalFolder name="f1" displayName="impl" projectFiles="true">
                    <logicalFolder name="f1" displayName="bus" projectFiles="true">
                      <logicalFolder name="f1" displayName="spi" projectFiles="true">
                        <itemPath>../src/system_config/default/framework/driver/encx24j600/impl/bus/spi/drv_encx24j600_spi_bus.h</itemPath>
                      </logicalFolder>
                      <itemPath>../src/system_config/default/framework/driver/encx24j600/impl/bus/drv_encx24j600_bus.h</itemPath>
                    </logicalFolder>
                    <logicalFolder name="f2" displayName="closed_state" projectFiles="true">
                      <itemPath>../src/system_config/default/framework/driver/encx24j600/impl/closed_state/drv_encx24j600_closed_state.h</itemPath>
                    </logicalFolder>
                    <logicalFolder name="f3" displayName="initialization_state" projectFiles="true">
                      <itemPath>../src/system_config/default/framework/driver/encx24j600/impl/initialization_state/drv_encx24j600_initialization_state.h</itemPath>
                      <itemPath>../src/system_config/default/framework/driver/encx24j600/impl/initialization_state/drv_encx24j600_configure_state.h</itemPath>
                      <itemPath>../src/system_config/default/framework/driver/encx24j600/impl/initialization_state/drv_encx24j600_detect_state.h</itemPath>
                      <itemPath>../src/system_config/default/framework/driver/encx24j600/impl/initialization_state/drv_encx24j600_reset_state.h</itemPath>
                    </logicalFolder>
                    <logicalFolder name="f4" displayName="packet" projectFiles="true">
                      <itemPath>../src/system_config/default/framework/driver/encx24j600/impl/packet/drv_encx24j600_tx_packet.h</itemPath>
                      <itemPath>../src/system_config/default/framework/driver/encx24j600/impl/packet/drv_encx24j600_rx_packet.h</itemPath>
                    </logicalFolder>
                    <logicalFolder name="f5" displayName="running_state" projectFiles="true">
                      <itemPath>../src/system_config/default/framework/driver/encx24j600/impl/running_state/drv_encx24j600_running_state.h</itemPath>
                      <itemPath>../src/system_config/default/framework/driver/encx24j600/impl/running_state/drv_encx24j600_change_duplex_state.h</itemPath>
                      <itemPath>../src/system_config/default/framework/driver/encx24j600/impl/running_state/drv_encx24j600_check_int_state.h</itemPath>
                      <itemPath>../src/system_config/default/framework/driver/encx24j600/impl/running_state/drv_encx24j600_check_tx_status_state.h</itemPath>
                      <itemPath>../src/system_config/default/framework/driver/encx24j600/impl/running_state/drv_encx24j600_check_status_state.h</itemPath>
                      <itemPath>../src/system_config/default/framework/driver/encx24j600/impl/running_state/drv_encx24j600_reset_rx_state.h</itemPath>
                    </logicalFolder>
                    <itemPath>../src/system_config/default/framework/driver/encx24j600/impl/drv_encx24j600_ds_defs.h</itemPath>
                    <itemPath>../src/system_config/default/framework/driver/encx24j600/impl/drv_encx24j600_local.h</itemPath>
                    <itemPath>../src/system_config/default/framework/driver/encx24j600/impl/drv_encx24j600_main_state.h</itemPath>
                    <itemPath>../src/system_config/default/framework/driver/encx24j600/impl/drv_encx24j600_utils.h</itemPath>
                  </logicalFolder>
                  <itemPath>../src/system_config/default/framework/driver/encx24j600/drv_encx24j600.h</itemPath>
                </logicalFolder>
                <logicalFolder name="f3" displayName="spi" projectFiles="true">
                  <logicalFolder name="f1" displayName="src" projectFiles="true">
                    <logicalFolder name="f1" displayName="dynamic" projectFiles="true">
                      <itemPath>../src/system_config/default/framework/driver/spi/src/dynamic/drv_spi_internal.h</itemPath>
                    </logicalFolder>
                    <itemPath>../src/system_config/default/framework/driver/spi/src/drv_spi_sys_queue.h</itemPath>
                    <itemPath>../src/system_config/default/framework/driver/spi/src/drv_spi_sys_queue_local_fifo.h</itemPath>
                    <itemPath>../src/system_config/default/framework/driver/spi/src/drv_spi_variant_mapping.h</itemPath>
                  </logicalFolder>
                  <itemPath>../src/system_config/default/framework/driver/spi/drv_spi.h</itemPath>
                  <itemPath>../src/system_config/default/framework/driver/spi/drv_spi_definitions.h</itemPath>
                </logicalFolder>
                <logicalFolder name="f4" displayName="tmr" projectFiles="true">
                  <logicalFolder name="f1" displayName="src" projectFiles="true">
                    <itemPath>../src/system_config/default/framework/driver/tmr/src/drv_tmr_variant_mapping.h</itemPath>
                    <itemPath>../src/system_config/default/framework/driver/tmr/src/drv_tmr_local.h</itemPath>
                  </logicalFolder>
                  <itemPath>../src/system_config/default/framework/driver/tmr/drv_tmr.h</itemPath>
                  <itemPath>../src/system_config/default/framework/driver/tmr/drv_tmr_mapping.h</itemPath>
                  <itemPath>../src/system_config/default/framework/driver/tmr/drv_tmr_compatibility.h</itemPath>
                  <itemPath>../src/system_config/default/framework/driver/tmr/tmr_definitions_pic32m.h</itemPath>
                </logicalFolder>
                <logicalFolder name="f1" displayName="usart" projectFiles="true">
                  <logicalFolder name="f1" displayName="src" projectFiles="true">
                    <itemPath>../src/system_config/default/framework/driver/usart/src/drv_usart_static_local.h</itemPath>
                    <itemPath>../src/system_config/default/framework/driver/usart/src/drv_usart_variant_mapping.h</itemPath>
                  </logicalFolder>
                  <itemPath>../src/system_config/default/framework/driver/usart/drv_usart_static.h</itemPath>
                  <itemPath>../src/system_config/default/framework/driver/usart/drv_usart.h</itemPath>
                  <itemPath>../src/system_config/default/framework/driver/usart/drv_usart_definitions.h</itemPath>
                </logicalFolder>
                <itemPath>../src/system_config/default/framework/driver/driver.h</itemPath>
                <itemPath>../src/system_config/default/framework/driver/driver_common.h</itemPath>
              </logicalFolder>
              <logicalFolder name="f2" displayName="system" projectFiles="true">
                <logicalFolder name="f5" displayName="clk" projectFiles="true">
                  <itemPath>../src/system_config/default/framework/system/clk/sys_clk.h</itemPath>
                  <itemPath>../src/system_config/default/framework/system/clk/sys_clk_compatibility.h</itemPath>
                  <itemPath>../src/system_config/default/framework/system/clk/sys_clk_mapping.h</itemPath>
                </logicalFolder>
                <logicalFolder name="f7" displayName="command" projectFiles="true">
                  <itemPath>../src/system_config/default/framework/system/command/sys_command.h</itemPath>
                </logicalFolder>
                <logicalFolder name="f8" displayName="console" projectFiles="true">
                  <logicalFolder name="f1" displayName="src" projectFiles="true">
                    <itemPath>../src/system_config/default/framework/system/console/src/sys_console_local.h</itemPath>
                    <itemPath>../src/system_config/default/framework/system/console/src/sys_console_uart.h</itemPath>
                  </logicalFolder>
                  <itemPath>../src/system_config/default/framework/system/console/sys_console.h</itemPath>
                </logicalFolder>
                <logicalFolder name="f9" displayName="debug" projectFiles="true">
                  <itemPath>../src/system_config/default/framework/system/debug/sys_debug.h</itemPath>
                </logicalFolder>
                <logicalFolder name="f1" displayName="devcon" projectFiles="true">
                  <logicalFolder name="f1" displayName="src" projectFiles="true">
                    <itemPath>../src/system_config/default/framework/system/devcon/src/sys_devcon_local.h</itemPath>
                  </logicalFolder>
                  <itemPath>../src/system_config/default/framework/system/devcon/sys_devcon.h</itemPath>
                </logicalFolder>
                <logicalFolder name="f2" displayName="int" projectFiles="true">
                  <logicalFolder name="f1" displayName="src" projectFiles="true">
                    <itemPath>../src/system_config/default/framework/system/int/src/sys_int_private.h</itemPath>
                  </logicalFolder>
                  <itemPath>../src/system_config/default/framework/system/int/sys_int.h</itemPath>
                  <itemPath>../src/system_config/default/framework/system/int/sys_int_mapping.h</itemPath>
                </logicalFolder>
                <logicalFolder name="f6" displayName="ports" projectFiles="true">
                  <itemPath>../src/system_config/default/framework/system/ports/sys_ports.h</itemPath>
                  <itemPath>../src/system_config/default/framework/system/ports/sys_ports_definitions.h</itemPath>
                </logicalFolder>
                <logicalFolder name="f10" displayName="random" projectFiles="true">
                  <logicalFolder name="f1" displayName="src" projectFiles="true">
                    <itemPath>../src/system_config/default/framework/system/random/src/sys_random_local.h</itemPath>
                  </logicalFolder>
                  <itemPath>../src/system_config/default/framework/system/random/sys_random.h</itemPath>
                </logicalFolder>
                <logicalFolder name="f11" displayName="reset" projectFiles="true">
                  <itemPath>../src/system_config/default/framework/system/reset/sys_reset.h</itemPath>
                  <itemPath>../src/system_config/default/framework/system/reset/sys_reset_definitions_pic32m.h</itemPath>
                </logicalFolder>
                <logicalFolder name="f12" displayName="tmr" projectFiles="true">
                  <logicalFolder name="f1" displayName="src" projectFiles="true">
                    <itemPath>../src/system_config/default/framework/system/tmr/src/sys_tmr_local.h</itemPath>
                  </logicalFolder>
                  <itemPath>../src/system_config/default/framework/system/tmr/sys_tmr.h</itemPath>
                </logicalFolder>
                <itemPath>../src/system_config/default/framework/system/system.h</itemPath>
              </logicalFolder>
              <logicalFolder name="f5" displayName="tcpip" projectFiles="true">
                <logicalFolder name="f1" displayName="src" projectFiles="true">
                  <logicalFolder name="f2" displayName="common" projectFiles="true">
                    <itemPath>../src/system_config/default/framework/tcpip/src/common/helpers.h</itemPath>
                  </logicalFolder>
                  <itemPath>../src/system_config/default/framework/tcpip/src/ipv4_manager.h</itemPath>
                  <itemPath>../src/system_config/default/framework/tcpip/src/ipv4_private.h</itemPath>
                  <itemPath>../src/system_config/default/framework/tcpip/src/tcp_private.h</itemPath>
                  <itemPath>../src/system_config/default/framework/tcpip/src/tcp_manager.h</itemPath>
                  <itemPath>../src/system_config/default/framework/tcpip/src/udp_private.h</itemPath>
                  <itemPath>../src/system_config/default/framework/tcpip/src/udp_manager.h</itemPath>
                  <itemPath>../src/system_config/default/framework/tcpip/src/tcpip_heap_alloc.h</itemPath>
                  <itemPath>../src/system_config/default/framework/tcpip/src/arp_manager.h</itemPath>
                  <itemPath>../src/system_config/default/framework/tcpip/src/arp_private.h</itemPath>
                  <itemPath>../src/system_config/default/framework/tcpip/src/dhcp_manager.h</itemPath>
                  <itemPath>../src/system_config/default/framework/tcpip/src/dhcp_private.h</itemPath>
                  <itemPath>../src/system_config/default/framework/tcpip/src/dns_manager.h</itemPath>
                  <itemPath>../src/system_config/default/framework/tcpip/src/dns_private.h</itemPath>
                  <itemPath>../src/system_config/default/framework/tcpip/src/tcpip_reboot_manager.h</itemPath>
                  <itemPath>../src/system_config/default/framework/tcpip/src/oahash.h</itemPath>
                  <itemPath>../src/system_config/default/framework/tcpip/src/tcpip_helpers_private.h</itemPath>
                  <itemPath>../src/system_config/default/framework/tcpip/src/tcpip_manager_control.h</itemPath>
                  <itemPath>../src/system_config/default/framework/tcpip/src/tcpip_module_manager.h</itemPath>
                  <itemPath>../src/system_config/default/framework/tcpip/src/tcpip_notify.h</itemPath>
                  <itemPath>../src/system_config/default/framework/tcpip/src/tcpip_packet.h</itemPath>
                  <itemPath>../src/system_config/default/framework/tcpip/src/tcpip_private.h</itemPath>
                  <itemPath>../src/system_config/default/framework/tcpip/src/tcpip_types.h</itemPath>
                </logicalFolder>
                <itemPath>../src/system_config/default/framework/tcpip/ipv4.h</itemPath>
                <itemPath>../src/system_config/default/framework/tcpip/udp.h</itemPath>
                <itemPath>../src/system_config/default/framework/tcpip/tcpip_heap.h</itemPath>
                <itemPath>../src/system_config/default/framework/tcpip/arp.h</itemPath>
                <itemPath>../src/system_config/default/framework/tcpip/dhcp.h</itemPath>
                <itemPath>../src/system_config/default/framework/tcpip/dns.h</itemPath>
                <itemPath>../src/system_config/default/framework/tcpip/tcpip_helpers.h</itemPath>
                <itemPath>../src/system_config/default/framework/tcpip/tcpip_manager.h</itemPath>
                <itemPath>../src/system_config/default/framework/tcpip/tcpip.h</itemPath>
              </logicalFolder>
            </logicalFolder>
            <itemPath>../src/system_config/default/system_config.h</itemPath>
            <itemPath>../src/system_config/default/system_definitions.h</itemPath>
          </logicalFolder>
        </logicalFolder>
        <itemPath>../src/app_commands.h</itemPath>
        <itemPath>../src/UDP_app.h</itemPath>
        <itemPath>../src/config.h</itemPath>
        <itemPath>../src/main.h</itemPath>
      </logicalFolder>
    </logicalFolder>
    <logicalFolder name="LinkerScript"
                   displayName="Linker Files"
                   projectFiles="true">
    </logicalFolder>
    <logicalFolder name="SourceFiles"
                   displayName="Source Files"
                   projectFiles="true">
      <logicalFolder name="f1" displayName="app" projectFiles="true">
        <logicalFolder name="f2" displayName="Peripherals" projectFiles="true">
          <itemPath>../src/led.c</itemPath>
          <itemPath>../src/ssd.c</itemPath>
          <itemPath>../src/accel.c</itemPath>
          <itemPath>../src/i2c.c</itemPath>
          <itemPath>../src/lcd.c</itemPath>
        </logicalFolder>
        <logicalFolder name="f1" displayName="system_config" projectFiles="true">
          <logicalFolder name="f1" displayName="default" projectFiles="true">
            <logicalFolder name="f1" displayName="framework" projectFiles="true">
              <logicalFolder name="f1" displayName="driver" projectFiles="true">
                <logicalFolder name="f3" displayName="encx24j600" projectFiles="true">
                  <logicalFolder name="f1" displayName="bus" projectFiles="true">
                    <logicalFolder name="f1" displayName="spi" projectFiles="true">
                      <itemPath>../src/system_config/default/framework/driver/encx24j600/bus/spi/drv_encx24j600_spi_bus.c</itemPath>
                    </logicalFolder>
                  </logicalFolder>
                  <logicalFolder name="f2" displayName="closed_state" projectFiles="true">
                    <itemPath>../src/system_config/default/framework/driver/encx24j600/closed_state/drv_encx24j600_closed_state.c</itemPath>
                  </logicalFolder>
                  <logicalFolder name="f3" displayName="initialization_state" projectFiles="true">
                    <itemPath>../src/system_config/default/framework/driver/encx24j600/initialization_state/drv_encx24j600_initialization_state.c</itemPath>
                    <itemPath>../src/system_config/default/framework/driver/encx24j600/initialization_state/drv_encx24j600_configure_state.c</itemPath>
                    <itemPath>../src/system_config/default/framework/driver/encx24j600/initialization_state/drv_encx24j600_detect_state.c</itemPath>
                    <itemPath>../src/system_config/default/framework/driver/encx24j600/initialization_state/drv_encx24j600_reset_state.c</itemPath>
                  </logicalFolder>
                  <logicalFolder name="f4" displayName="packet" projectFiles="true">
                    <itemPath>../src/system_config/default/framework/driver/encx24j600/packet/drv_encx24j600_tx_packet.c</itemPath>
                    <itemPath>../src/system_config/default/framework/driver/encx24j600/packet/drv_encx24j600_rx_packet.c</itemPath>
                  </logicalFolder>
                  <logicalFolder name="f5" displayName="running_state" projectFiles="true">
                    <itemPath>../src/system_config/default/framework/driver/encx24j600/running_state/drv_encx24j600_running_state.c</itemPath>
                    <itemPath>../src/system_config/default/framework/driver/encx24j600/running_state/drv_encx24j600_change_duplex_state.c</itemPath>
                    <itemPath>../src/system_config/default/framework/driver/encx24j600/running_state/drv_encx24j600_check_int_state.c</itemPath>
                    <itemPath>../src/system_config/default/framework/driver/encx24j600/running_state/drv_encx24j600_check_status_state.c</itemPath>
                    <itemPath>../src/system_config/default/framework/driver/encx24j600/running_state/drv_encx24j600_check_tx_status_state.c</itemPath>
                    <itemPath>../src/system_config/default/framework/driver/encx24j600/running_state/drv_encx24j600_reset_rx_state.c</itemPath>
                  </logicalFolder>
                  <itemPath>../src/system_config/default/framework/driver/encx24j600/drv_encx24j600_api.c</itemPath>
                  <itemPath>../src/system_config/default/framework/driver/encx24j600/drv_encx24j600_main_state.c</itemPath>
                  <itemPath>../src/system_config/default/framework/driver/encx24j600/drv_encx24j600_utils.c</itemPath>
                </logicalFolder>
                <logicalFolder name="f1" displayName="spi" projectFiles="true">
                  <logicalFolder name="f1" displayName="dynamic" projectFiles="true">
                    <itemPath>../src/system_config/default/framework/driver/spi/dynamic/drv_spi_tasks.c</itemPath>
                    <itemPath>../src/system_config/default/framework/driver/spi/dynamic/drv_spi_api.c</itemPath>
                    <itemPath>../src/system_config/default/framework/driver/spi/dynamic/drv_spi_master_ebm_tasks.c</itemPath>
                  </logicalFolder>
                  <logicalFolder name="f2" displayName="src" projectFiles="true">
                    <logicalFolder name="f1" displayName="dynamic" projectFiles="true">
                      <itemPath>../src/system_config/default/framework/driver/spi/src/dynamic/drv_spi.c</itemPath>
                    </logicalFolder>
                    <itemPath>../src/system_config/default/framework/driver/spi/src/drv_spi_sys_queue_fifo.c</itemPath>
                  </logicalFolder>
                </logicalFolder>
                <logicalFolder name="f4" displayName="tmr" projectFiles="true">
                  <logicalFolder name="f1" displayName="src" projectFiles="true">
                    <logicalFolder name="f1" displayName="dynamic" projectFiles="true">
                      <itemPath>../src/system_config/default/framework/driver/tmr/src/dynamic/drv_tmr.c</itemPath>
                    </logicalFolder>
                  </logicalFolder>
                </logicalFolder>
                <logicalFolder name="f2" displayName="usart" projectFiles="true">
                  <logicalFolder name="f1" displayName="src" projectFiles="true">
                    <itemPath>../src/system_config/default/framework/driver/usart/src/drv_usart_mapping.c</itemPath>
                    <itemPath>../src/system_config/default/framework/driver/usart/src/drv_usart_static.c</itemPath>
                    <itemPath>../src/system_config/default/framework/driver/usart/src/drv_usart_static_buffer_queue.c</itemPath>
                    <itemPath>../src/system_config/default/framework/driver/usart/src/drv_usart_static_read_write.c</itemPath>
                  </logicalFolder>
                </logicalFolder>
              </logicalFolder>
              <logicalFolder name="f2" displayName="system" projectFiles="true">
                <logicalFolder name="f1" displayName="clk" projectFiles="true">
                  <logicalFolder name="f1" displayName="src" projectFiles="true">
                    <itemPath>../src/system_config/default/framework/system/clk/src/sys_clk_pic32mx.c</itemPath>
                  </logicalFolder>
                </logicalFolder>
                <logicalFolder name="f5" displayName="command" projectFiles="true">
                  <logicalFolder name="f1" displayName="src" projectFiles="true">
                    <itemPath>../src/system_config/default/framework/system/command/src/sys_command.c</itemPath>
                  </logicalFolder>
                </logicalFolder>
                <logicalFolder name="f6" displayName="console" projectFiles="true">
                  <logicalFolder name="f1" displayName="src" projectFiles="true">
                    <itemPath>../src/system_config/default/framework/system/console/src/sys_console.c</itemPath>
                    <itemPath>../src/system_config/default/framework/system/console/src/sys_console_uart.c</itemPath>
                  </logicalFolder>
                </logicalFolder>
                <logicalFolder name="f2" displayName="devcon" projectFiles="true">
                  <logicalFolder name="f1" displayName="src" projectFiles="true">
                    <itemPath>../src/system_config/default/framework/system/devcon/src/sys_devcon.c</itemPath>
                    <itemPath>../src/system_config/default/framework/system/devcon/src/sys_devcon_pic32mx.c</itemPath>
                  </logicalFolder>
                </logicalFolder>
                <logicalFolder name="f7" displayName="int" projectFiles="true">
                  <logicalFolder name="f1" displayName="src" projectFiles="true">
                    <itemPath>../src/system_config/default/framework/system/int/src/sys_int_pic32.c</itemPath>
                  </logicalFolder>
                </logicalFolder>
                <logicalFolder name="f3" displayName="ports" projectFiles="true">
                  <logicalFolder name="f1" displayName="src" projectFiles="true">
                    <itemPath>../src/system_config/default/framework/system/ports/src/sys_ports_static.c</itemPath>
                  </logicalFolder>
                </logicalFolder>
                <logicalFolder name="f8" displayName="random" projectFiles="true">
                  <logicalFolder name="f1" displayName="src" projectFiles="true">
                    <itemPath>../src/system_config/default/framework/system/random/src/sys_random.c</itemPath>
                  </logicalFolder>
                </logicalFolder>
                <logicalFolder name="f4" displayName="reset" projectFiles="true">
                  <logicalFolder name="f1" displayName="src" projectFiles="true">
                    <itemPath>../src/system_config/default/framework/system/reset/src/sys_reset.c</itemPath>
                  </logicalFolder>
                </logicalFolder>
                <logicalFolder name="f9" displayName="tmr" projectFiles="true">
                  <logicalFolder name="f1" displayName="src" projectFiles="true">
                    <itemPath>../src/system_config/default/framework/system/tmr/src/sys_tmr.c</itemPath>
                  </logicalFolder>
                </logicalFolder>
              </logicalFolder>
              <logicalFolder name="f3" displayName="tcpip" projectFiles="true">
                <logicalFolder name="f1" displayName="src" projectFiles="true">
                  <logicalFolder name="f1" displayName="common" projectFiles="true">
                    <itemPath>../src/system_config/default/framework/tcpip/src/common/helpers.c</itemPath>
                  </logicalFolder>
                  <itemPath>../src/system_config/default/framework/tcpip/src/ipv4.c</itemPath>
                  <itemPath>../src/system_config/default/framework/tcpip/src/udp.c</itemPath>
                  <itemPath>../src/system_config/default/framework/tcpip/src/tcpip_heap_alloc.c</itemPath>
                  <itemPath>../src/system_config/default/framework/tcpip/src/tcpip_heap_internal.c</itemPath>
                  <itemPath>../src/system_config/default/framework/tcpip/src/arp.c</itemPath>
                  <itemPath>../src/system_config/default/framework/tcpip/src/dhcp.c</itemPath>
                  <itemPath>../src/system_config/default/framework/tcpip/src/dns.c</itemPath>
                  <itemPath>../src/system_config/default/framework/tcpip/src/hash_fnv.c</itemPath>
                  <itemPath>../src/system_config/default/framework/tcpip/src/oahash.c</itemPath>
                  <itemPath>../src/system_config/default/framework/tcpip/src/tcpip_helpers.c</itemPath>
                  <itemPath>../src/system_config/default/framework/tcpip/src/tcpip_helper_c32.S</itemPath>
                  <itemPath>../src/system_config/default/framework/tcpip/src/tcpip_manager.c</itemPath>
                  <itemPath>../src/system_config/default/framework/tcpip/src/tcpip_notify.c</itemPath>
                  <itemPath>../src/system_config/default/framework/tcpip/src/tcpip_packet.c</itemPath>
                </logicalFolder>
              </logicalFolder>
            </logicalFolder>
            <itemPath>../src/system_config/default/system_init.c</itemPath>
            <itemPath>../src/system_config/default/system_interrupt.c</itemPath>
            <itemPath>../src/system_config/default/system_tasks.c</itemPath>
          </logicalFolder>
        </logicalFolder>
        <itemPath>../src/app_commands.c</itemPath>
        <itemPath>../src/UDP_app.c</itemPath>
        <itemPath>../src/main.c</itemPath>
      </logicalFolder>
    </logicalFolder>
    <logicalFolder name="ExternalFiles"
                   displayName="Important Files"
                   projectFiles="false">
      <itemPath>Makefile</itemPath>
      <itemPath>MyConfig.mc3</itemPath>
    </logicalFolder>
  </logicalFolder>
  <sourceRootList>
    <Elem>..\src</Elem>
    <Elem>..\src\default</Elem>
    <Elem>..\src\system_config\default</Elem>
    <Elem>../src/system_config/default/framework</Elem>
  </sourceRootList>
  <projectmakefile>Makefile</projectmakefile>
  <confs>
    <conf name="default" type="2">
      <toolsSet>
        <developmentServer>localhost</developmentServer>
        <targetDevice>PIC32MX370F512L</targetDevice>
        <targetHeader></targetHeader>
        <targetPluginBoard></targetPluginBoard>
        <platformTool>noID</platformTool>
        <languageToolchain>XC32</languageToolchain>
        <languageToolchainVersion>2.50</languageToolchainVersion>
        <platform>3</platform>
      </toolsSet>
      <packs>
        <pack name="PIC32MX_DFP" vendor="Microchip" version="1.5.259"/>
      </packs>
      <ScriptingSettings>
      </ScriptingSettings>
      <compileType>
        <linkerTool>
          <linkerLibItems>
          </linkerLibItems>
        </linkerTool>
        <archiverTool>
        </archiverTool>
        <loading>
          <useAlternateLoadableFile>false</useAlternateLoadableFile>
          <parseOnProdLoad>true</parseOnProdLoad>
          <alternateLoadableFile></alternateLoadableFile>
        </loading>
        <subordinates>
        </subordinates>
      </compileType>
      <makeCustomizationType>
        <makeCustomizationPreStepEnabled>false</makeCustomizationPreStepEnabled>
        <makeUseCleanTarget>false</makeUseCleanTarget>
        <makeCustomizationPreStep></makeCustomizationPreStep>
        <makeCustomizationPostStepEnabled>false</makeCustomizationPostStepEnabled>
        <makeCustomizationPostStep></makeCustomizationPostStep>
        <makeCustomizationPutChecksumInUserID>false</makeCustomizationPutChecksumInUserID>
        <makeCustomizationEnableLongLines>false</makeCustomizationEnableLongLines>
        <makeCustomizationNormalizeHexFile>false</makeCustomizationNormalizeHexFile>
      </makeCustomizationType>
      <item path="../src/system_config/default/framework/tcpip/src/dhcp.c"
            ex="true"
            overriding="false">
        <C32>
        </C32>
        <C32-AR>
        </C32-AR>
        <C32-AS>
        </C32-AS>
        <C32-CO>
        </C32-CO>
        <C32-LD>
        </C32-LD>
        <C32CPP>
        </C32CPP>
        <C32Global>
        </C32Global>
      </item>
      <C32>
        <property key="additional-warnings" value="true"/>
        <property key="addresss-attribute-use" value="false"/>
        <property key="enable-app-io" value="false"/>
        <property key="enable-omit-frame-pointer" value="false"/>
        <property key="enable-symbols" value="true"/>
        <property key="enable-unroll-loops" value="false"/>
        <property key="exclude-floating-point" value="false"/>
        <property key="extra-include-directories"
                  value="../src;../src/system_config/default;../src/default;../src/system_config/default/framework"/>
        <property key="generate-16-bit-code" value="false"/>
        <property key="generate-micro-compressed-code" value="false"/>
        <property key="isolate-each-function" value="true"/>
        <property key="make-warnings-into-errors" value="false"/>
        <property key="optimization-level" value="-O1"/>
        <property key="place-data-into-section" value="false"/>
        <property key="post-instruction-scheduling" value="default"/>
        <property key="pre-instruction-scheduling" value="default"/>
        <property key="preprocessor-macros" value=""/>
        <property key="strict-ansi" value="false"/>
        <property key="support-ansi" value="false"/>
        <property key="toplevel-reordering" value=""/>
        <property key="unaligned-access" value=""/>
        <property key="use-cci" value="false"/>
        <property key="use-iar" value="false"/>
        <property key="use-indirect-calls" value="false"/>
      </C32>
      <C32-AR>
        <property key="additional-options-chop-files" value="false"/>
      </C32-AR>
      <C32-AS>
        <property key="assembler-symbols" value=""/>
        <property key="enable-symbols" value="true"/>
        <property key="exclude-floating-point-library" value="false"/>
        <property key="expand-macros" value="false"/>
        <property key="extra-include-directories-for-assembler" value=""/>
        <property key="extra-include-directories-for-preprocessor" value=""/>
        <property key="false-conditionals" value="false"/>
        <property key="generate-16-bit-code" value="false"/>
        <property key="generate-micro-compressed-code" value="false"/>
        <property key="keep-locals" value="false"/>
        <property key="list-assembly" value="false"/>
        <property key="list-source" value="false"/>
        <property key="list-symbols" value="false"/>
        <property key="oXC32asm-list-to-file" value="false"/>
        <property key="omit-debug-dirs" value="false"/>
        <property key="omit-forms" value="false"/>
        <property key="preprocessor-macros" value=""/>
        <property key="warning-level" value=""/>
      </C32-AS>
      <C32-CO>
        <property key="coverage-enable" value=""/>
      </C32-CO>
      <C32-LD>
        <property key="additional-options-use-response-files" value="false"/>
        <property key="additional-options-write-sla" value="false"/>
        <property key="allocate-dinit" value="false"/>
        <property key="code-dinit" value="false"/>
        <property key="ebase-addr" value=""/>
        <property key="enable-check-sections" value="false"/>
        <property key="exclude-floating-point-library" value="false"/>
        <property key="exclude-standard-libraries" value="false"/>
        <property key="extra-lib-directories" value=""/>
        <property key="fill-flash-options-addr" value=""/>
        <property key="fill-flash-options-const" value=""/>
        <property key="fill-flash-options-how" value="0"/>
        <property key="fill-flash-options-inc-const" value="1"/>
        <property key="fill-flash-options-increment" value=""/>
        <property key="fill-flash-options-seq" value=""/>
        <property key="fill-flash-options-what" value="0"/>
        <property key="generate-16-bit-code" value="false"/>
        <property key="generate-cross-reference-file" value="false"/>
        <property key="generate-micro-compressed-code" value="false"/>
        <property key="heap-size" value="44960"/>
        <property key="input-libraries" value=""/>
        <property key="kseg-length" value=""/>
        <property key="kseg-origin" value=""/>
        <property key="linker-symbols" value=""/>
        <property key="map-file" value="${DISTDIR}/${PROJECTNAME}.${IMAGE_TYPE}.map"/>
        <property key="no-device-startup-code" value="false"/>
        <property key="no-startup-files" value="false"/>
        <property key="oXC32ld-extra-opts" value=""/>
        <property key="optimization-level" value=""/>
        <property key="preprocessor-macros" value=""/>
        <property key="remove-unused-sections" value="true"/>
        <property key="report-memory-usage" value="false"/>
        <property key="serial-length" value=""/>
        <property key="serial-origin" value=""/>
        <property key="stack-size" value=""/>
        <property key="symbol-stripping" value=""/>
        <property key="trace-symbols" value=""/>
        <property key="warn-section-align" value="false"/>
      </C32-LD>
      <C32CPP>
        <property key="additional-warnings" value="false"/>
        <property key="addresss-attribute-use" value="false"/>
        <property key="check-new" value="false"/>
        <property key="eh-specs" value="true"/>
        <property key="enable-app-io" value="false"/>
        <property key="enable-omit-frame-pointer" value="false"/>
        <property key="enable-symbols" value="true"/>
        <property key="enable-unroll-loops" value="false"/>
        <property key="exceptions" value="true"/>
        <property key="exclude-floating-point" value="false"/>
        <property key="extra-include-directories" value=""/>
        <property key="generate-16-bit-code" value="false"/>
        <property key="generate-micro-compressed-code" value="false"/>
        <property key="isolate-each-function" value="true"/>
        <property key="make-warnings-into-errors" value="false"/>
        <property key="optimization-level" value="-O1"/>
        <property key="place-data-into-section" value="false"/>
        <property key="post-instruction-scheduling" value="default"/>
        <property key="pre-instruction-scheduling" value="default"/>
        <property key="preprocessor-macros" value=""/>
        <property key="rtti" value="true"/>
        <property key="strict-ansi" value="false"/>
        <property key="toplevel-reordering" value=""/>
        <property key="unaligned-access" value=""/>
        <property key="use-cci" value="false"/>
        <property key="use-iar" value="false"/>
        <property key="use-indirect-calls" value="false"/>
      </C32CPP>
      <C32Global>
        <property key="common-include-directories" value=""/>
        <property key="gp-relative-option" value=""/>
        <property key="legacy-libc" value="true"/>
        <property key="mdtcm" value=""/>
        <property key="mitcm" value=""/>
        <property key="mstacktcm" value="false"/>
        <property key="omit-pack-options" value="1"/>
        <property key="relaxed-math" value="false"/>
        <property key="save-temps" value="false"/>
        <property key="wpo-lto" value="false"/>
      </C32Global>
      <PICkit3PlatformTool>
        <property key="ADC 1" value="true"/>
        <property key="AutoSelectMemRanges" value="auto"/>
        <property key="CHANGE NOTICE" value="true"/>
        <property key="COMPARATOR" value="true"/>
        <property key="CTMU" value="true"/>
        <property key="DMA" value="true"/>
        <property key="Freeze All Other Peripherals" value="true"/>
        <property key="I2C1" value="true"/>
        <property key="I2C2" value="true"/>
        <property key="INPUT CAPTURE 1" value="true"/>
        <property key="INPUT CAPTURE 2" value="true"/>
        <property key="INPUT CAPTURE 3" value="true"/>
        <property key="INPUT CAPTURE 4" value="true"/>
        <property key="INPUT CAPTURE 5" value="true"/>
        <property key="INTERRUPT CONTROL" value="true"/>
        <property key="OUTPUT COMPARE 1" value="true"/>
        <property key="OUTPUT COMPARE 2" value="true"/>
        <property key="OUTPUT COMPARE 3" value="true"/>
        <property key="OUTPUT COMPARE 4" value="true"/>
        <property key="OUTPUT COMPARE 5" value="true"/>
        <property key="PARALLEL MASTER/SLAVE PORT" value="true"/>
        <property key="REAL TIME CLOCK" value="true"/>
        <property key="SPI/I2S 1" value="true"/>
        <property key="SPI/I2S 2" value="true"/>
        <property key="SecureSegment.SegmentProgramming" value="FullChipProgramming"/>
        <property key="TIMER1" value="true"/>
        <property key="TIMER2" value="true"/>
        <property key="TIMER3" value="true"/>
        <property key="TIMER4" value="true"/>
        <property key="TIMER5" value="true"/>
        <property key="ToolFirmwareFilePath"
                  value="Press to browse for a specific firmware version"/>
        <property key="ToolFirmwareOption.UseLatestFirmware" value="true"/>
        <property key="UART1" value="true"/>
        <property key="UART2" value="true"/>
        <property key="UART3" value="true"/>
        <property key="UART4" value="true"/>
        <property key="UART5" value="true"/>
        <property key="debugoptions.useswbreakpoints" value="false"/>
        <property key="hwtoolclock.frcindebug" value="false"/>
        <property key="memories.aux" value="false"/>
        <property key="memories.bootflash" value="true"/>
        <property key="memories.configurationmemory" value="true"/>
        <property key="memories.configurationmemory2" value="true"/>
        <property key="memories.dataflash" value="true"/>
        <property key="memories.eeprom" value="true"/>
        <property key="memories.flashdata" value="true"/>
        <property key="memories.id" value="true"/>
        <property key="memories.instruction.ram" value="true"/>
        <property key="memories.instruction.ram.ranges"
                  value="${memories.instruction.ram.ranges}"/>
        <property key="memories.programmemory" value="true"/>
        <property key="memories.programmemory.ranges" value="1d000000-1d003fff"/>
        <property key="poweroptions.powerenable" value="false"/>
        <property key="programmertogo.imagename" value=""/>
        <property key="programoptions.donoteraseauxmem" value="false"/>
        <property key="programoptions.eraseb4program" value="true"/>
        <property key="programoptions.pgmspeed" value="2"/>
        <property key="programoptions.preservedataflash" value="false"/>
        <property key="programoptions.preservedataflash.ranges"
                  value="${programoptions.preservedataflash.ranges}"/>
        <property key="programoptions.preserveeeprom" value="false"/>
        <property key="programoptions.preserveeeprom.ranges" value=""/>
        <property key="programoptions.preserveprogram.ranges" value=""/>
        <property key="programoptions.preserveprogramrange" value="false"/>
        <property key="programoptions.preserveuserid" value="false"/>
        <property key="programoptions.programcalmem" value="false"/>
        <property key="programoptions.programuserotp" value="false"/>
        <property key="programoptions.testmodeentrymethod" value="VPPFirst"/>
        <property key="programoptions.usehighvoltageonmclr" value="false"/>
        <property key="programoptions.uselvpprogramming" value="false"/>
        <property key="voltagevalue" value="3.25"/>
      </PICkit3PlatformTool>
      <PK3OBPlatformTool>
        <property key="AutoSelectMemRanges" value="auto"/>
        <property key="SecureSegment.SegmentProgramming" value="FullChipProgramming"/>
        <property key="ToolFirmwareFilePath"
                  value="Press to browse for a specific firmware version"/>
        <property key="ToolFirmwareOption.UseLatestFirmware" value="true"/>
        <property key="memories.bootflash" value="true"/>
        <property key="memories.configurationmemory" value="true"/>
        <property key="memories.dataflash" value="true"/>
        <property key="memories.eeprom" value="true"/>
        <property key="memories.id" value="true"/>
        <property key="memories.programmemory" value="true"/>
        <property key="memories.programmemory.ranges"
                  value="${memories.programmemory.ranges}"/>
        <property key="memories.userotp" value="true"/>
        <property key="poweroptions.powerenable" value="false"/>
        <property key="programoptions.eraseb4program" value="true"/>
        <property key="programoptions.preservedataflash" value="false"/>
        <property key="programoptions.preservedataflash.ranges"
                  value="${programoptions.preservedataflash.ranges}"/>
        <property key="programoptions.preserveeeprom" value="false"/>
        <property key="programoptions.preserveeeprom.ranges"
                  value="${programoptions.preserveeeprom.ranges}"/>
        <property key="programoptions.preserveprogram.ranges"
                  value="0x1d000000-0x1d003fff"/>
        <property key="programoptions.preserveprogramrange" value="false"/>
        <property key="programoptions.usehighvoltageonmclr" value="false"/>
        <property key="programoptions.uselvpprogramming" value="false"/>
        <property key="voltagevalue" value="3.25"/>
      </PK3OBPlatformTool>
    </conf>
  </confs>
</configurationDescriptor>
